"duplicate_path","duplicate_split","duplicate_class","original_path","original_split","original_class","cross_split","label_conflict"
"Train/Banh bot loc/381.jpg","Train","Banh bot loc","Train/Banh beo/157.jpg","Train","Banh beo","False","True"
"Train/Banh bot loc/565.jpg","Train","Banh bot loc","Train/Banh beo/539.jpg","Train","Banh beo","False","True"
"Train/Banh canh/332.jpg","Train","Banh canh","Train/Banh canh/328.jpg","Train","Banh canh","False","False"
"Train/Banh canh/580.jpg","Train","Banh canh","Train/Banh canh/579.jpg","Train","Banh canh","False","False"
"Train/Banh duc/222.jpg","Train","Banh duc","Train/Banh cuon/341.jpg","Train","Banh cuon","False","True"
"Train/Banh duc/398.jpg","Train","Banh duc","Train/Banh bot loc/635.jpg","Train","Banh bot loc","False","True"
"Train/Banh gio/376.jpg","Train","Banh gio","Train/Banh cuon/266.jpg","Train","Banh cuon","False","True"
"Train/Banh gio/72.jpg","Train","Banh gio","Train/Banh beo/77.jpg","Train","Banh beo","False","True"
"Train/Banh khot/274.jpg","Train","Banh khot","Train/Banh can/286.jpg","Train","Banh can","False","True"
"Train/Banh trang nuong/156.jpg","Train","Banh trang nuong","Train/Banh trang nuong/154.jpg","Train","Banh trang nuong","False","False"
"Train/Bun rieu/179.jpg","Train","Bun rieu","Train/Bun bo Hue/1292.jpg","Train","Bun bo Hue","False","True"
"Train/Bun rieu/625.jpg","Train","Bun rieu","Train/Bun bo Hue/663.jpg","Train","Bun bo Hue","False","True"
"Train/Ca kho to/89.jpg","Train","Ca kho to","Train/Ca kho to/86.jpg","Train","Ca kho to","False","False"
"Train/Canh chua/27.jpg","Train","Canh chua","Train/Canh chua/21.jpg","Train","Canh chua","False","False"
"Train/Canh chua/529.jpg","Train","Canh chua","Train/Canh chua/527.jpg","Train","Canh chua","False","False"
"Train/Com tam/139.jpg","Train","Com tam","Train/Com tam/133.jpg","Train","Com tam","False","False"
"Train/Goi cuon/815.jpg","Train","Goi cuon","Train/Banh bot loc/399.jpg","Train","Banh bot loc","False","True"
"Train/Hu tieu/598.jpg","Train","Hu tieu","Train/Hu tieu/597.jpg","Train","Hu tieu","False","False"
"Train/Mi quang/852.jpg","Train","Mi quang","Train/Mi quang/788.jpg","Train","Mi quang","False","False"
"Train/Mi quang/880.jpg","Train","Mi quang","Train/Mi quang/181.jpg","Train","Mi quang","False","False"
"Train/Pho/722.jpg","Train","Pho","Train/Bun bo Hue/1204.jpg","Train","Bun bo Hue","False","True"
"Validate/Banh can/177.jpg","Validate","Banh can","Train/Banh can/176.jpg","Train","Banh can","True","False"
"Validate/Banh can/554.jpg","Validate","Banh can","Train/Banh khot/587.jpg","Train","Banh khot","True","True"
"Validate/Banh can/7.jpg","Validate","Banh can","Train/Banh can/744.jpg","Train","Banh can","True","False"
"Validate/Banh duc/102.jpg","Validate","Banh duc","Train/Banh gio/310.jpg","Train","Banh gio","True","True"
"Validate/Banh khot/316.jpg","Validate","Banh khot","Train/Banh can/338.jpg","Train","Banh can","True","True"
"Validate/Banh xeo/520.jpg","Validate","Banh xeo","Train/Bun bo Hue/663.jpg","Train","Bun bo Hue","True","True"
"Validate/Bun rieu/764.jpg","Validate","Bun rieu","Train/Banh canh/861.jpg","Train","Banh canh","True","True"
"Validate/Ca kho to/391.jpg","Validate","Ca kho to","Train/Canh chua/574.jpg","Train","Canh chua","True","True"
"Validate/Chao long/87.jpg","Validate","Chao long","Train/Hu tieu/499.jpg","Train","Hu tieu","True","True"
"Validate/Mi quang/826.jpg","Validate","Mi quang","Train/Mi quang/410.jpg","Train","Mi quang","True","False"
"Validate/Mi quang/855.jpg","Validate","Mi quang","Validate/Mi quang/58.jpg","Validate","Mi quang","False","False"
"Validate/Pho/797.jpg","Validate","Pho","Train/Pho/737.jpg","Train","Pho","True","False"
"Test/Banh beo/270.jpg","Test","Banh beo","Train/Banh bot loc/635.jpg","Train","Banh bot loc","True","True"
"Test/Banh bot loc/372.jpg","Test","Banh bot loc","Train/Banh khot/672.jpg","Train","Banh khot","True","True"
"Test/Banh can/112.jpg","Test","Banh can","Train/Banh can/114.jpg","Train","Banh can","True","False"
"Test/Banh can/369.jpg","Test","Banh can","Train/Banh can/368.jpg","Train","Banh can","True","False"
"Test/Banh canh/338.jpg","Test","Banh canh","Train/Hu tieu/557.jpg","Train","Hu tieu","True","True"
"Test/Banh canh/608.jpg","Test","Banh canh","Validate/Hu tieu/249.jpg","Validate","Hu tieu","True","True"
"Test/Banh chung/113.jpg","Test","Banh chung","Train/Banh chung/441.jpg","Train","Banh chung","True","False"
"Test/Banh cuon/162.jpg","Test","Banh cuon","Train/Bun bo Hue/1262.jpg","Train","Bun bo Hue","True","True"
"Test/Banh cuon/535.jpg","Test","Banh cuon","Train/Nem chua/454.jpg","Train","Nem chua","True","True"
"Test/Banh duc/236.jpg","Test","Banh duc","Train/Banh cuon/357.jpg","Train","Banh cuon","True","True"
"Test/Banh duc/261.jpg","Test","Banh duc","Train/Banh gio/187.jpg","Train","Banh gio","True","True"
"Test/Banh duc/64.jpg","Test","Banh duc","Validate/Banh gio/362.jpg","Validate","Banh gio","True","True"
"Test/Banh gio/528.jpg","Test","Banh gio","Train/Banh bot loc/655.jpg","Train","Banh bot loc","True","True"
"Test/Banh khot/715.jpg","Test","Banh khot","Train/Banh khot/835.jpg","Train","Banh khot","True","False"
"Test/Banh pia/11.jpg","Test","Banh pia","Validate/Banh pia/7.jpg","Validate","Banh pia","True","False"
"Test/Banh pia/43.jpg","Test","Banh pia","Train/Banh pia/39.jpg","Train","Banh pia","True","False"
"Test/Banh pia/58.jpg","Test","Banh pia","Train/Banh pia/61.jpg","Train","Banh pia","True","False"
"Test/Banh tet/421.jpg","Test","Banh tet","Test/Banh chung/257.jpg","Test","Banh chung","False","True"
"Test/Banh tet/445.jpg","Test","Banh tet","Test/Banh chung/333.jpg","Test","Banh chung","False","True"
"Test/Banh tet/463.jpg","Test","Banh tet","Train/Banh chung/79.jpg","Train","Banh chung","True","True"
"Test/Bun rieu/275.jpg","Test","Bun rieu","Test/Bun bo Hue/471.jpg","Test","Bun bo Hue","False","True"
"Test/Bun rieu/396.jpg","Test","Bun rieu","Train/Hu tieu/557.jpg","Train","Hu tieu","True","True"
"Test/Bun rieu/725.jpg","Test","Bun rieu","Train/Bun bo Hue/812.jpg","Train","Bun bo Hue","True","True"
"Test/Bun rieu/786.jpg","Test","Bun rieu","Train/Bun bo Hue/64.jpg","Train","Bun bo Hue","True","True"
"Test/Goi cuon/770.jpg","Test","Goi cuon","Train/Banh mi/1174.jpg","Train","Banh mi","True","True"
"Test/Hu tieu/231.jpg","Test","Hu tieu","Validate/Hu tieu/978.jpg","Validate","Hu tieu","True","False"
"Test/Hu tieu/402.jpg","Test","Hu tieu","Train/Banh canh/624.jpg","Train","Banh canh","True","True"
"Test/Mi quang/216.jpg","Test","Mi quang","Train/Hu tieu/390.jpg","Train","Hu tieu","True","True"
"Test/Mi quang/446.jpg","Test","Mi quang","Train/Cao lau/36.jpg","Train","Cao lau","True","True"
"Test/Mi quang/512.jpg","Test","Mi quang","Train/Mi quang/853.jpg","Train","Mi quang","True","False"
"Test/Mi quang/627.jpg","Test","Mi quang","Train/Bun bo Hue/1173.jpg","Train","Bun bo Hue","True","True"
"Test/Mi quang/633.jpg","Test","Mi quang","Train/Cao lau/401.jpg","Train","Cao lau","True","True"
"Test/Mi quang/840.jpg","Test","Mi quang","Train/Mi quang/113.jpg","Train","Mi quang","True","False"
