,precision,recall,f1-score,support
Banh beo,0.888,0.8671875,0.8774703557312253,128.0
Banh bot loc,0.8478260869565217,0.8181818181818182,0.8327402135231317,143.0
Banh can,0.9558823529411765,0.8843537414965986,0.9187279151943463,147.0
Banh canh,0.7951807228915663,0.6910994764397905,0.7394957983193278,191.0
Banh chung,0.8317757009345794,0.898989898989899,0.8640776699029126,99.0
Banh cuon,0.869198312236287,0.911504424778761,0.8898488120950324,226.0
Banh duc,0.788135593220339,0.7153846153846154,0.75,130.0
Banh gio,0.8854961832061069,0.90625,0.8957528957528957,128.0
Banh khot,0.9074074074074074,0.8855421686746988,0.8963414634146342,166.0
Banh mi,0.9700374531835206,0.9664179104477612,0.9682242990654205,268.0
Banh pia,0.9120879120879121,0.9651162790697675,0.9378531073446328,86.0
Banh tet,0.8888888888888888,0.8888888888888888,0.8888888888888888,135.0
Banh trang nuong,0.910828025477707,0.89937106918239,0.9050632911392406,159.0
Banh xeo,0.9122807017543859,0.8851063829787233,0.8984881209503239,235.0
Bun bo Hue,0.8368055555555556,0.7901639344262295,0.8128161888701517,305.0
Bun dau mam tom,0.9631578947368421,0.9945652173913043,0.9786096256684492,184.0
Bun mam,0.9153846153846154,0.7677419354838709,0.8350877192982457,155.0
Bun rieu,0.84,0.8325991189427313,0.8362831858407079,227.0
Bun thit nuong,0.9,0.9,0.9,150.0
Ca kho to,0.9548872180451128,0.9338235294117647,0.9442379182156134,136.0
Canh chua,0.796875,0.9272727272727272,0.8571428571428571,165.0
Cao lau,0.954954954954955,0.8548387096774194,0.902127659574468,124.0
Chao long,0.9468599033816425,0.9116279069767442,0.9289099526066351,215.0
Com tam,0.9528795811518325,0.9629629629629629,0.9578947368421052,189.0
Goi cuon,0.9325842696629213,0.9707602339181286,0.9512893982808023,171.0
Hu tieu,0.7246376811594203,0.7692307692307693,0.746268656716418,195.0
Mi quang,0.8715083798882681,0.9122807017543859,0.8914285714285715,171.0
Nem chua,0.8269230769230769,0.7889908256880734,0.8075117370892019,109.0
Pho,0.6542056074766355,0.8641975308641975,0.7446808510638298,162.0
Xoi xeo,0.9439252336448598,0.9619047619047619,0.9528301886792453,105.0
accuracy,0.8760991207034372,0.8760991207034372,0.8760991207034372,0.8760991207034372
macro avg,0.8792871437717379,0.8775451680139928,0.8770030692879771,5004.0
weighted avg,0.8790180160319351,0.8760991207034372,0.8762047326321399,5004.0
