actual,predicted,count
Bun bo Hue,Pho,31
Bun rieu,Bun bo Hue,19
Banh canh,Hu tieu,18
Hu tieu,Pho,16
Banh canh,Pho,14
Bun mam,Canh chua,11
Bun bo Hue,Bun rieu,11
Banh duc,Banh cuon,10
Pho,Hu tieu,10
Bun mam,Bun rieu,9
Banh xeo,Banh trang nuong,8
Banh chung,Banh tet,7
Banh bot loc,Banh beo,7
Banh can,Banh khot,7
Banh canh,Canh chua,6
Bun mam,Hu tieu,6
Cao lau,Mi quang,6
Bun bo Hue,Banh canh,6
Hu tieu,Banh canh,6
Banh khot,Banh xeo,6
Banh canh,Bun bo Hue,6
Banh duc,Banh gio,6
Nem chua,Banh chung,5
Banh cuon,Goi cuon,5
Banh tet,Banh chung,5
Hu tieu,Bun bo Hue,5
Banh cuon,Banh duc,5
Nem chua,Banh tet,5
Bun rieu,Canh chua,5
Banh beo,Banh bot loc,5
Bun bo Hue,Mi quang,5
Pho,Bun bo Hue,4
Mi quang,Bun thit nuong,4
Chao long,Hu tieu,4
Banh bot loc,Banh cuon,4
Canh chua,Bun bo Hue,4
Banh xeo,Banh khot,4
Chao long,Banh canh,4
Bun bo Hue,Canh chua,4
Hu tieu,Bun rieu,4
Nem chua,Goi cuon,3
Pho,Banh canh,3
Bun mam,Bun bo Hue,3
Banh canh,Bun mam,3
Bun mam,Banh canh,3
Banh can,Banh canh,3
Banh khot,Banh beo,3
Banh khot,Banh bot loc,3
Banh mi,Banh xeo,3
Banh canh,Bun rieu,3
Ca kho to,Banh bot loc,3
Banh khot,Banh can,3
Canh chua,Bun rieu,3
Bun thit nuong,Bun dau mam tom,3
Banh canh,Mi quang,3
Banh bot loc,Nem chua,3
Banh tet,Nem chua,3
Bun rieu,Banh canh,3
Mi quang,Banh canh,3
Banh trang nuong,Banh xeo,3
Bun rieu,Pho,3
Banh duc,Hu tieu,3
Banh beo,Banh duc,3
Banh cuon,Banh gio,3
Banh duc,Banh trang nuong,3
Banh duc,Banh beo,3
Hu tieu,Chao long,3
Banh gio,Banh cuon,3
Hu tieu,Canh chua,3
Bun rieu,Hu tieu,3
Bun bo Hue,Bun mam,2
Nem chua,Bun thit nuong,2
Banh cuon,Nem chua,2
Hu tieu,Mi quang,2
Banh duc,Banh can,2
Bun thit nuong,Mi quang,2
Bun thit nuong,Hu tieu,2
Goi cuon,Banh cuon,2
Bun bo Hue,Hu tieu,2
Banh duc,Nem chua,2
Nem chua,Banh trang nuong,2
Banh duc,Pho,2
Hu tieu,Banh duc,2
Banh cuon,Banh bot loc,2
Ca kho to,Banh duc,2
Banh gio,Banh chung,2
Banh canh,Banh cuon,2
Banh chung,Nem chua,2
Banh gio,Banh duc,2
Mi quang,Cao lau,2
Goi cuon,Nem chua,2
Banh cuon,Bun dau mam tom,2
Banh trang nuong,Banh chung,2
Chao long,Banh xeo,2
Bun thit nuong,Banh cuon,2
Com tam,Bun thit nuong,2
Banh trang nuong,Banh mi,2
Chao long,Banh gio,2
Xoi xeo,Bun bo Hue,2
Banh tet,Mi quang,2
Banh bot loc,Hu tieu,2
Banh tet,Banh bot loc,2
Banh beo,Banh cuon,2
Bun rieu,Bun mam,2
Chao long,Pho,2
Cao lau,Hu tieu,2
Cao lau,Banh cuon,2
Bun thit nuong,Chao long,2
Pho,Canh chua,2
Banh can,Xoi xeo,2
Cao lau,Pho,2
Banh xeo,Banh pia,2
Cao lau,Bun thit nuong,2
Canh chua,Banh canh,1
Banh pia,Banh xeo,1
Chao long,Canh chua,1
Banh pia,Banh mi,1
Chao long,Com tam,1
Banh duc,Xoi xeo,1
Cao lau,Banh bot loc,1
Hu tieu,Banh chung,1
Banh trang nuong,Banh pia,1
Banh trang nuong,Banh duc,1
Banh duc,Banh pia,1
Banh tet,Banh pia,1
Banh tet,Banh khot,1
Banh tet,Banh duc,1
Chao long,Banh bot loc,1
Cao lau,Bun bo Hue,1
Chao long,Banh duc,1
Banh mi,Nem chua,1
Banh duc,Bun rieu,1
Cao lau,Banh xeo,1
Banh trang nuong,Banh beo,1
Banh duc,Canh chua,1
Hu tieu,Banh mi,1
Banh pia,Canh chua,1
Chao long,Bun bo Hue,1
Banh trang nuong,Banh cuon,1
Banh duc,Bun mam,1
Banh xeo,Ca kho to,1
Banh trang nuong,Nem chua,1
Banh xeo,Bun rieu,1
Banh trang nuong,Pho,1
Canh chua,Hu tieu,1
Banh khot,Banh pia,1
Banh khot,Banh tet,1
Banh xeo,Banh can,1
Banh xeo,Banh canh,1
Banh gio,Banh pia,1
Goi cuon,Banh mi,1
Com tam,Mi quang,1
Com tam,Xoi xeo,1
Banh xeo,Banh duc,1
Canh chua,Ca kho to,1
Banh xeo,Bun bo Hue,1
Banh xeo,Banh tet,1
Banh xeo,Banh mi,1
Banh khot,Ca kho to,1
Banh khot,Bun thit nuong,1
Com tam,Hu tieu,1
Banh mi,Goi cuon,1
Banh gio,Banh mi,1
Banh mi,Com tam,1
Canh chua,Banh gio,1
Banh gio,Banh xeo,1
Com tam,Banh duc,1
Banh gio,Ca kho to,1
Banh gio,Canh chua,1
Canh chua,Pho,1
Banh mi,Banh khot,1
Banh xeo,Com tam,1
Banh trang nuong,Chao long,1
Banh xeo,Chao long,1
Banh mi,Bun rieu,1
Banh xeo,Cao lau,1
Banh trang nuong,Goi cuon,1
Com tam,Banh xeo,1
Banh trang nuong,Hu tieu,1
Banh xeo,Canh chua,1
Banh mi,Banh tet,1
Banh xeo,Goi cuon,1
Banh canh,Banh gio,1
Bun thit nuong,Banh duc,1
Nem chua,Cao lau,1
Banh bot loc,Banh pia,1
Nem chua,Bun mam,1
Nem chua,Bun dau mam tom,1
Bun mam,Nem chua,1
Bun mam,Pho,1
Ca kho to,Banh xeo,1
Banh canh,Xoi xeo,1
Ca kho to,Banh chung,1
Banh bot loc,Banh duc,1
Xoi xeo,Banh duc,1
Nem chua,Banh duc,1
Banh bot loc,Banh canh,1
Banh bot loc,Xoi xeo,1
Nem chua,Banh bot loc,1
Bun thit nuong,Banh bot loc,1
Banh bot loc,Banh gio,1
Banh can,Banh bot loc,1
Banh can,Banh cuon,1
Pho,Bun rieu,1
Pho,Bun mam,1
Banh bot loc,Mi quang,1
Banh bot loc,Goi cuon,1
Banh can,Banh xeo,1
Banh bot loc,Chao long,1
Bun mam,Ca kho to,1
Banh canh,Banh duc,1
Banh can,Canh chua,1
Banh bot loc,Bun thit nuong,1
Bun mam,Cao lau,1
Banh can,Com tam,1
Pho,Banh cuon,1
Bun thit nuong,Com tam,1
Banh canh,Banh bot loc,1
Banh bot loc,Bun dau mam tom,1
Nem chua,Pho,1
Bun thit nuong,Bun rieu,1
Mi quang,Bun mam,1
Bun rieu,Mi quang,1
Mi quang,Bun bo Hue,1
Ca kho to,Canh chua,1
Ca kho to,Banh mi,1
Banh beo,Banh trang nuong,1
Banh beo,Banh khot,1
Mi quang,Banh chung,1
Mi quang,Bun rieu,1
Xoi xeo,Com tam,1
Bun bo Hue,Chao long,1
Cao lau,Chao long,1
Bun rieu,Bun thit nuong,1
Hu tieu,Nem chua,1
Bun bo Hue,Ca kho to,1
Hu tieu,Com tam,1
Bun bo Hue,Bun thit nuong,1
Banh duc,Banh khot,1
Banh beo,Banh gio,1
Banh beo,Com tam,1
Mi quang,Hu tieu,1
Banh beo,Chao long,1
Banh beo,Hu tieu,1
Bun rieu,Banh duc,1
Banh beo,Bun thit nuong,1
Bun dau mam tom,Banh cuon,1
Banh chung,Com tam,1
Mi quang,Canh chua,1
Banh cuon,Banh chung,1
Cao lau,Banh tet,0
Cao lau,Banh beo,0
Canh chua,Xoi xeo,0
Bun thit nuong,Banh beo,0
Bun thit nuong,Banh can,0
Bun thit nuong,Banh canh,0
Cao lau,Ca kho to,0
Cao lau,Banh pia,0
Bun thit nuong,Banh khot,0
Cao lau,Banh can,0
Bun thit nuong,Banh mi,0
Cao lau,Banh canh,0
Bun rieu,Xoi xeo,0
Cao lau,Banh mi,0
Cao lau,Banh chung,0
Cao lau,Banh duc,0
Bun rieu,Cao lau,0
Cao lau,Bun rieu,0
Bun thit nuong,Banh gio,0
Bun rieu,Chao long,0
Cao lau,Bun mam,0
Bun rieu,Com tam,0
Bun rieu,Goi cuon,0
Bun thit nuong,Banh chung,0
Cao lau,Banh gio,0
Cao lau,Bun dau mam tom,0
Bun rieu,Nem chua,0
Cao lau,Banh khot,0
Cao lau,Banh trang nuong,0
Ca kho to,Banh tet,0
Canh chua,Banh xeo,0
Canh chua,Banh trang nuong,0
Canh chua,Banh tet,0
Ca kho to,Banh trang nuong,0
Canh chua,Banh pia,0
Ca kho to,Bun bo Hue,0
Canh chua,Banh mi,0
Canh chua,Banh khot,0
Ca kho to,Bun dau mam tom,0
Ca kho to,Bun mam,0
Canh chua,Banh duc,0
Ca kho to,Bun rieu,0
Cao lau,Canh chua,0
Canh chua,Banh cuon,0
Canh chua,Banh chung,0
Ca kho to,Cao lau,0
Ca kho to,Chao long,0
Ca kho to,Com tam,0
Ca kho to,Goi cuon,0
Canh chua,Banh can,0
Canh chua,Banh bot loc,0
Canh chua,Banh beo,0
Ca kho to,Xoi xeo,0
Ca kho to,Hu tieu,0
Ca kho to,Mi quang,0
Ca kho to,Pho,0
Ca kho to,Nem chua,0
Ca kho to,Bun thit nuong,0
Canh chua,Nem chua,0
Bun thit nuong,Banh pia,0
Bun thit nuong,Banh tet,0
Canh chua,Mi quang,0
Bun thit nuong,Banh trang nuong,0
Bun thit nuong,Banh xeo,0
Bun thit nuong,Bun bo Hue,0
Bun thit nuong,Bun mam,0
Canh chua,Goi cuon,0
Canh chua,Com tam,0
Bun thit nuong,Ca kho to,0
Bun thit nuong,Canh chua,0
Canh chua,Chao long,0
Canh chua,Bun dau mam tom,0
Bun thit nuong,Cao lau,0
Bun thit nuong,Goi cuon,0
Bun thit nuong,Nem chua,0
Bun thit nuong,Pho,0
Bun thit nuong,Xoi xeo,0
Ca kho to,Banh beo,0
Canh chua,Bun thit nuong,0
Ca kho to,Banh can,0
Ca kho to,Banh canh,0
Canh chua,Bun mam,0
Ca kho to,Banh cuon,0
Ca kho to,Banh gio,0
Ca kho to,Banh khot,0
Ca kho to,Banh pia,0
Canh chua,Cao lau,0
Nem chua,Banh can,0
Nem chua,Banh canh,0
Nem chua,Banh cuon,0
Nem chua,Banh gio,0
Nem chua,Banh khot,0
Nem chua,Banh mi,0
Nem chua,Banh pia,0
Nem chua,Banh xeo,0
Nem chua,Bun bo Hue,0
Goi cuon,Banh beo,0
Nem chua,Ca kho to,0
Nem chua,Canh chua,0
Nem chua,Chao long,0
Nem chua,Com tam,0
Nem chua,Hu tieu,0
Nem chua,Mi quang,0
Nem chua,Xoi xeo,0
Pho,Banh beo,0
Pho,Banh can,0
Pho,Banh chung,0
Nem chua,Bun rieu,0
Hu tieu,Xoi xeo,0
Mi quang,Banh beo,0
Mi quang,Banh bot loc,0
Mi quang,Banh can,0
Mi quang,Banh cuon,0
Mi quang,Banh duc,0
Mi quang,Banh gio,0
Mi quang,Banh khot,0
Mi quang,Banh mi,0
Mi quang,Banh pia,0
Nem chua,Banh beo,0
Mi quang,Banh trang nuong,0
Mi quang,Banh xeo,0
Mi quang,Bun dau mam tom,0
Mi quang,Ca kho to,0
Mi quang,Chao long,0
Mi quang,Com tam,0
Mi quang,Goi cuon,0
Mi quang,Nem chua,0
Mi quang,Pho,0
Mi quang,Xoi xeo,0
Mi quang,Banh tet,0
Banh beo,Banh canh,0
Xoi xeo,Banh cuon,0
Xoi xeo,Banh gio,0
Xoi xeo,Banh khot,0
Xoi xeo,Banh mi,0
Xoi xeo,Banh pia,0
Xoi xeo,Banh tet,0
Xoi xeo,Banh trang nuong,0
Xoi xeo,Banh xeo,0
Xoi xeo,Bun dau mam tom,0
Pho,Banh duc,0
Xoi xeo,Bun rieu,0
Xoi xeo,Bun thit nuong,0
Xoi xeo,Ca kho to,0
Xoi xeo,Canh chua,0
Xoi xeo,Cao lau,0
Xoi xeo,Chao long,0
Xoi xeo,Goi cuon,0
Xoi xeo,Hu tieu,0
Xoi xeo,Mi quang,0
Xoi xeo,Nem chua,0
Xoi xeo,Bun mam,0
Pho,Banh gio,0
Pho,Banh khot,0
Pho,Banh mi,0
Pho,Banh pia,0
Pho,Banh tet,0
Pho,Banh trang nuong,0
Pho,Banh xeo,0
Pho,Bun dau mam tom,0
Pho,Bun thit nuong,0
Pho,Ca kho to,0
Xoi xeo,Banh canh,0
Pho,Chao long,0
Pho,Com tam,0
Pho,Goi cuon,0
Banh beo,Banh chung,0
Pho,Mi quang,0
Pho,Nem chua,0
Pho,Xoi xeo,0
Xoi xeo,Banh beo,0
Xoi xeo,Banh bot loc,0
Xoi xeo,Banh can,0
Pho,Cao lau,0
Chao long,Xoi xeo,0
Com tam,Banh beo,0
Com tam,Banh bot loc,0
Com tam,Banh can,0
Com tam,Banh canh,0
Com tam,Banh chung,0
Com tam,Banh cuon,0
Com tam,Banh gio,0
Com tam,Banh khot,0
Com tam,Banh mi,0
Hu tieu,Goi cuon,0
Com tam,Banh tet,0
Com tam,Banh trang nuong,0
Com tam,Bun bo Hue,0
Com tam,Bun dau mam tom,0
Com tam,Bun mam,0
Com tam,Bun rieu,0
Com tam,Ca kho to,0
Com tam,Canh chua,0
Com tam,Cao lau,0
Com tam,Chao long,0
Com tam,Banh pia,0
Cao lau,Com tam,0
Cao lau,Goi cuon,0
Cao lau,Nem chua,0
Cao lau,Xoi xeo,0
Chao long,Banh beo,0
Chao long,Banh can,0
Chao long,Banh chung,0
Chao long,Banh cuon,0
Chao long,Banh khot,0
Chao long,Banh mi,0
Chao long,Nem chua,0
Chao long,Banh tet,0
Chao long,Banh trang nuong,0
Chao long,Bun dau mam tom,0
Chao long,Bun mam,0
Chao long,Bun rieu,0
Chao long,Bun thit nuong,0
Chao long,Ca kho to,0
Chao long,Cao lau,0
Chao long,Goi cuon,0
Chao long,Mi quang,0
Chao long,Banh pia,0
Goi cuon,Chao long,0
Goi cuon,Com tam,0
Goi cuon,Hu tieu,0
Goi cuon,Mi quang,0
Goi cuon,Pho,0
Goi cuon,Xoi xeo,0
Hu tieu,Banh beo,0
Hu tieu,Banh bot loc,0
Hu tieu,Banh can,0
Hu tieu,Banh cuon,0
Com tam,Goi cuon,0
Hu tieu,Banh khot,0
Hu tieu,Banh pia,0
Hu tieu,Banh tet,0
Hu tieu,Banh trang nuong,0
Hu tieu,Banh xeo,0
Hu tieu,Bun dau mam tom,0
Hu tieu,Bun mam,0
Hu tieu,Bun thit nuong,0
Hu tieu,Ca kho to,0
Hu tieu,Cao lau,0
Hu tieu,Banh gio,0
Com tam,Nem chua,0
Com tam,Pho,0
Bun rieu,Ca kho to,0
Goi cuon,Banh bot loc,0
Goi cuon,Banh can,0
Goi cuon,Banh canh,0
Goi cuon,Banh chung,0
Goi cuon,Banh duc,0
Goi cuon,Banh gio,0
Goi cuon,Banh khot,0
Goi cuon,Cao lau,0
Goi cuon,Banh tet,0
Goi cuon,Banh trang nuong,0
Goi cuon,Banh xeo,0
Goi cuon,Bun bo Hue,0
Goi cuon,Bun dau mam tom,0
Goi cuon,Bun mam,0
Goi cuon,Bun rieu,0
Goi cuon,Bun thit nuong,0
Goi cuon,Ca kho to,0
Goi cuon,Canh chua,0
Goi cuon,Banh pia,0
Banh cuon,Ca kho to,0
Banh cuon,Canh chua,0
Banh cuon,Cao lau,0
Banh cuon,Chao long,0
Banh cuon,Com tam,0
Banh cuon,Hu tieu,0
Banh cuon,Mi quang,0
Banh cuon,Pho,0
Banh cuon,Xoi xeo,0
Banh duc,Banh bot loc,0
Bun bo Hue,Xoi xeo,0
Banh duc,Banh chung,0
Banh duc,Banh mi,0
Banh duc,Banh tet,0
Banh duc,Banh xeo,0
Banh duc,Bun bo Hue,0
Banh duc,Bun dau mam tom,0
Banh duc,Bun thit nuong,0
Banh duc,Ca kho to,0
Banh duc,Cao lau,0
Banh duc,Chao long,0
Banh duc,Banh canh,0
Banh chung,Ca kho to,0
Banh chung,Canh chua,0
Banh chung,Cao lau,0
Banh chung,Chao long,0
Banh chung,Goi cuon,0
Banh chung,Hu tieu,0
Banh chung,Mi quang,0
Banh chung,Pho,0
Banh chung,Xoi xeo,0
Banh cuon,Banh beo,0
Banh cuon,Bun thit nuong,0
Banh cuon,Banh canh,0
Banh cuon,Banh khot,0
Banh cuon,Banh mi,0
Banh cuon,Banh pia,0
Banh cuon,Banh tet,0
Banh cuon,Banh trang nuong,0
Banh cuon,Banh xeo,0
Banh cuon,Bun bo Hue,0
Banh cuon,Bun mam,0
Banh cuon,Bun rieu,0
Banh cuon,Banh can,0
Banh khot,Banh canh,0
Banh khot,Banh chung,0
Banh khot,Banh cuon,0
Banh khot,Banh duc,0
Banh khot,Banh gio,0
Banh khot,Banh mi,0
Banh khot,Banh trang nuong,0
Banh khot,Bun bo Hue,0
Banh khot,Bun dau mam tom,0
Banh khot,Bun mam,0
Banh duc,Com tam,0
Banh khot,Canh chua,0
Banh khot,Cao lau,0
Banh khot,Chao long,0
Banh khot,Com tam,0
Banh khot,Goi cuon,0
Banh khot,Hu tieu,0
Banh khot,Mi quang,0
Banh khot,Nem chua,0
Banh khot,Pho,0
Banh khot,Xoi xeo,0
Banh khot,Bun rieu,0
Banh duc,Goi cuon,0
Banh duc,Mi quang,0
Banh gio,Banh beo,0
Banh gio,Banh bot loc,0
Banh gio,Banh can,0
Banh gio,Banh canh,0
Banh gio,Banh khot,0
Banh gio,Banh tet,0
Banh gio,Banh trang nuong,0
Banh gio,Bun bo Hue,0
Banh gio,Xoi xeo,0
Banh gio,Bun mam,0
Banh gio,Bun rieu,0
Banh gio,Bun thit nuong,0
Banh gio,Cao lau,0
Banh gio,Chao long,0
Banh gio,Com tam,0
Banh gio,Goi cuon,0
Banh gio,Hu tieu,0
Banh gio,Mi quang,0
Banh gio,Nem chua,0
Banh gio,Pho,0
Banh gio,Bun dau mam tom,0
Banh beo,Banh can,0
Banh bot loc,Banh tet,0
Banh bot loc,Banh trang nuong,0
Banh bot loc,Banh xeo,0
Banh bot loc,Bun bo Hue,0
Banh bot loc,Bun mam,0
Banh bot loc,Bun rieu,0
Banh bot loc,Ca kho to,0
Banh bot loc,Canh chua,0
Banh bot loc,Cao lau,0
Banh chung,Bun thit nuong,0
Banh bot loc,Pho,0
Banh can,Banh beo,0
Banh can,Banh chung,0
Banh can,Banh duc,0
Banh can,Banh gio,0
Banh can,Banh mi,0
Banh can,Banh pia,0
Banh can,Banh tet,0
Banh can,Banh trang nuong,0
Banh can,Bun bo Hue,0
Banh bot loc,Com tam,0
Pho,Banh bot loc,0
Banh bot loc,Banh mi,0
Xoi xeo,Banh chung,0
Banh beo,Bun bo Hue,0
Xoi xeo,Pho,0
Banh beo,Banh mi,0
Banh beo,Banh pia,0
Banh beo,Banh tet,0
Banh beo,Banh xeo,0
Banh beo,Bun dau mam tom,0
Banh bot loc,Banh khot,0
Banh beo,Bun rieu,0
Banh beo,Ca kho to,0
Banh beo,Canh chua,0
Banh beo,Cao lau,0
Banh beo,Goi cuon,0
Banh beo,Mi quang,0
Banh beo,Nem chua,0
Banh beo,Pho,0
Banh beo,Xoi xeo,0
Banh bot loc,Banh can,0
Banh bot loc,Banh chung,0
Banh beo,Bun mam,0
Banh canh,Cao lau,0
Banh canh,Chao long,0
Banh canh,Com tam,0
Banh canh,Goi cuon,0
Banh canh,Nem chua,0
Banh chung,Banh beo,0
Banh chung,Banh bot loc,0
Banh chung,Banh can,0
Banh chung,Banh canh,0
Banh chung,Banh cuon,0
Banh can,Bun dau mam tom,0
Banh chung,Banh gio,0
Banh chung,Banh khot,0
Banh chung,Banh mi,0
Banh chung,Banh pia,0
Banh chung,Banh trang nuong,0
Banh chung,Banh xeo,0
Banh chung,Bun bo Hue,0
Banh chung,Bun dau mam tom,0
Banh chung,Bun mam,0
Banh chung,Bun rieu,0
Banh chung,Banh duc,0
Banh can,Bun mam,0
Banh can,Bun rieu,0
Banh can,Bun thit nuong,0
Banh can,Ca kho to,0
Banh can,Cao lau,0
Banh can,Chao long,0
Banh can,Goi cuon,0
Banh can,Hu tieu,0
Banh can,Mi quang,0
Banh can,Nem chua,0
Banh canh,Ca kho to,0
Banh canh,Banh beo,0
Banh canh,Banh can,0
Banh canh,Banh chung,0
Banh canh,Banh khot,0
Banh canh,Banh mi,0
Banh canh,Banh pia,0
Banh canh,Banh tet,0
Banh canh,Banh trang nuong,0
Banh canh,Banh xeo,0
Banh canh,Bun dau mam tom,0
Banh canh,Bun thit nuong,0
Banh can,Pho,0
Bun bo Hue,Bun dau mam tom,0
Bun bo Hue,Cao lau,0
Bun bo Hue,Com tam,0
Bun bo Hue,Goi cuon,0
Bun bo Hue,Nem chua,0
Bun dau mam tom,Banh beo,0
Bun dau mam tom,Banh bot loc,0
Bun dau mam tom,Banh can,0
Bun dau mam tom,Banh canh,0
Bun dau mam tom,Banh chung,0
Banh mi,Banh beo,0
Bun dau mam tom,Banh gio,0
Bun dau mam tom,Banh khot,0
Bun dau mam tom,Banh mi,0
Bun dau mam tom,Banh pia,0
Bun dau mam tom,Banh tet,0
Bun dau mam tom,Banh trang nuong,0
Bun dau mam tom,Banh xeo,0
Bun dau mam tom,Bun bo Hue,0
Bun dau mam tom,Bun mam,0
Bun dau mam tom,Bun rieu,0
Bun dau mam tom,Banh duc,0
Banh xeo,Banh gio,0
Banh xeo,Bun dau mam tom,0
Banh xeo,Bun mam,0
Banh xeo,Bun thit nuong,0
Banh xeo,Hu tieu,0
Banh xeo,Mi quang,0
Banh xeo,Nem chua,0
Banh xeo,Pho,0
Banh xeo,Xoi xeo,0
Bun bo Hue,Banh beo,0
Bun bo Hue,Banh xeo,0
Bun bo Hue,Banh can,0
Bun bo Hue,Banh chung,0
Bun bo Hue,Banh cuon,0
Bun bo Hue,Banh duc,0
Bun bo Hue,Banh gio,0
Bun bo Hue,Banh khot,0
Bun bo Hue,Banh mi,0
Bun bo Hue,Banh pia,0
Bun bo Hue,Banh tet,0
Bun bo Hue,Banh trang nuong,0
Bun bo Hue,Banh bot loc,0
Bun mam,Banh xeo,0
Bun mam,Bun dau mam tom,0
Bun mam,Bun thit nuong,0
Bun mam,Chao long,0
Bun mam,Com tam,0
Bun mam,Goi cuon,0
Bun mam,Mi quang,0
Bun mam,Xoi xeo,0
Bun rieu,Banh beo,0
Bun rieu,Banh bot loc,0
Bun dau mam tom,Bun thit nuong,0
Bun rieu,Banh chung,0
Bun rieu,Banh cuon,0
Bun rieu,Banh gio,0
Bun rieu,Banh khot,0
Bun rieu,Banh mi,0
Bun rieu,Banh pia,0
Bun rieu,Banh tet,0
Bun rieu,Banh trang nuong,0
Bun rieu,Banh xeo,0
Bun rieu,Bun dau mam tom,0
Bun rieu,Banh can,0
Bun dau mam tom,Ca kho to,0
Bun dau mam tom,Canh chua,0
Bun dau mam tom,Cao lau,0
Bun dau mam tom,Chao long,0
Bun dau mam tom,Com tam,0
Bun dau mam tom,Goi cuon,0
Bun dau mam tom,Hu tieu,0
Bun dau mam tom,Mi quang,0
Bun dau mam tom,Nem chua,0
Bun dau mam tom,Pho,0
Bun mam,Banh trang nuong,0
Bun mam,Banh beo,0
Bun mam,Banh bot loc,0
Bun mam,Banh can,0
Bun mam,Banh chung,0
Bun mam,Banh cuon,0
Bun mam,Banh duc,0
Bun mam,Banh gio,0
Bun mam,Banh khot,0
Bun mam,Banh mi,0
Bun mam,Banh pia,0
Bun mam,Banh tet,0
Bun dau mam tom,Xoi xeo,0
Banh pia,Banh can,0
Banh pia,Banh canh,0
Banh pia,Banh chung,0
Banh pia,Banh cuon,0
Banh pia,Banh duc,0
Banh pia,Banh gio,0
Banh pia,Banh khot,0
Banh pia,Banh tet,0
Banh pia,Banh trang nuong,0
Banh pia,Bun bo Hue,0
Banh xeo,Banh cuon,0
Banh pia,Bun mam,0
Banh pia,Bun rieu,0
Banh pia,Bun thit nuong,0
Banh pia,Ca kho to,0
Banh pia,Cao lau,0
Banh pia,Chao long,0
Banh pia,Com tam,0
Banh pia,Goi cuon,0
Banh pia,Hu tieu,0
Banh pia,Mi quang,0
Banh pia,Bun dau mam tom,0
Banh mi,Banh bot loc,0
Banh mi,Banh can,0
Banh mi,Banh canh,0
Banh mi,Banh chung,0
Banh mi,Banh cuon,0
Banh mi,Banh duc,0
Banh mi,Banh gio,0
Banh mi,Banh pia,0
Banh mi,Banh trang nuong,0
Banh mi,Bun bo Hue,0
Banh pia,Banh bot loc,0
Banh mi,Bun mam,0
Banh mi,Bun thit nuong,0
Banh mi,Ca kho to,0
Banh mi,Canh chua,0
Banh mi,Cao lau,0
Banh mi,Chao long,0
Banh mi,Hu tieu,0
Banh mi,Mi quang,0
Banh mi,Pho,0
Banh mi,Xoi xeo,0
Banh pia,Banh beo,0
Banh mi,Bun dau mam tom,0
Banh tet,Xoi xeo,0
Banh trang nuong,Banh bot loc,0
Banh trang nuong,Banh can,0
Banh trang nuong,Banh canh,0
Banh trang nuong,Banh gio,0
Banh trang nuong,Banh khot,0
Banh trang nuong,Banh tet,0
Banh trang nuong,Bun bo Hue,0
Banh trang nuong,Bun dau mam tom,0
Banh trang nuong,Bun mam,0
Banh pia,Nem chua,0
Banh trang nuong,Bun thit nuong,0
Banh trang nuong,Ca kho to,0
Banh trang nuong,Canh chua,0
Banh trang nuong,Cao lau,0
Banh trang nuong,Com tam,0
Banh trang nuong,Mi quang,0
Banh trang nuong,Xoi xeo,0
Banh xeo,Banh beo,0
Banh xeo,Banh bot loc,0
Banh xeo,Banh chung,0
Banh trang nuong,Bun rieu,0
Banh pia,Pho,0
Banh pia,Xoi xeo,0
Banh tet,Banh beo,0
Banh tet,Banh can,0
Banh tet,Banh canh,0
Banh tet,Banh cuon,0
Banh tet,Banh gio,0
Banh tet,Banh mi,0
Banh tet,Banh trang nuong,0
Banh tet,Banh xeo,0
Banh tet,Pho,0
Banh tet,Bun dau mam tom,0
Banh tet,Bun mam,0
Banh tet,Bun rieu,0
Banh tet,Bun thit nuong,0
Banh tet,Ca kho to,0
Banh tet,Canh chua,0
Banh tet,Cao lau,0
Banh tet,Chao long,0
Banh tet,Com tam,0
Banh tet,Goi cuon,0
Banh tet,Hu tieu,0
Banh tet,Bun bo Hue,0
