stage,epoch,backbone_lr,classifier_lr,train_loss,train_top1,train_top3,train_macro_f1,validation_loss,validation_top1,validation_top3,validation_macro_f1
fine_tune,1,3e-05,0.0003,1.4756684226087056,0.7301877103896844,0.8996976094026359,0.7285402740553619,1.331890303270667,0.7876849260295882,0.9212315073970412,0.7817437260126175
fine_tune,2,3e-05,0.0003,1.2779639598109482,0.8125178296342785,0.9399783191647173,0.8127445199830237,1.249204342339526,0.8228708516593363,0.9368252698920432,0.8203987459930348
fine_tune,3,3e-05,0.0003,1.1682113645937409,0.8549666229246305,0.9570377132424259,0.8557487722156283,1.1948367625129361,0.8360655737704918,0.9456217512994802,0.8343351896931825
fine_tune,4,3e-05,0.0003,1.0972485513119075,0.8830946539624579,0.9686198436697666,0.883555158566109,1.1581711088452802,0.8548580567772891,0.9496201519392243,0.8538092019625076
fine_tune,5,3e-05,0.0003,1.0386414072806995,0.9022080219090546,0.9768927939750099,0.903950623394056,1.127341378216551,0.861655337864854,0.9540183926429429,0.8600510466271106
fine_tune,6,3e-05,0.0003,0.9914730194325441,0.9210361157071946,0.981514235180008,0.9229098646266995,1.10492494982369,0.8724510195921631,0.9568172730907637,0.870174941281989
fine_tune,7,3e-05,0.0003,0.9569104996241458,0.9323329719860787,0.9843099218348833,0.9343700060844977,1.091108862422362,0.8760495801679328,0.9560175929628149,0.8733590801913567
fine_tune,8,3e-05,0.0003,0.921538420123981,0.9440862669024933,0.9908141724196954,0.9459738811049535,1.0778629765754602,0.8764494202319072,0.9588164734106357,0.8755631702716172
fine_tune,9,3e-05,0.0003,0.8954355977915613,0.9517886689108233,0.9925828721401266,0.953886592660185,1.0689660647257668,0.8780487804878049,0.958016793282687,0.8762520031025436
fine_tune,10,3e-05,0.0003,0.8710838686639764,0.960974496491128,0.9942374622011754,0.9625810410562637,1.0635976192952157,0.8844462215113954,0.9560175929628149,0.8833310246606131
